Station,Year,Reizigers per dag,Klantoordeel,In- en uitstappers,Overstappers,Ochtendspits,Avondspits,Daluren,Lopend_voor,Lopend_na,Fiets_voor,Fiets_na,Bus/tram/metro_voor,Bus/tram/metro_na,Auto (bestuurder)_voor,Auto (bestuurder)_na,Auto (passagier)_voor,Auto (passagier)_na,(Deel)taxi_voor,(Deel)taxi_na
alphen-aan-den-rijn,2019,12630,72%,10996,1634,32%,13%,55%,23%,46%,48%,24%,17%,17%,8%,2%,4%,11%,0%,0%
alphen-aan-den-rijn,2020,5900,0%,5124,776,27%,14%,59%,23%,46%,48%,24%,17%,17%,8%,2%,4%,11%,0%,0%
alphen-aan-den-rijn,2021,6426,0%,5550,876,26%,14%,60%,23%,46%,48%,24%,17%,17%,8%,2%,4%,11%,0%,0%
alphen-aan-den-rijn,2022,9029,0%,7786,1243,28%,13%,59%,23%,46%,48%,24%,17%,17%,8%,2%,4%,11%,0%,0%
barendrecht,2019,6066,79%,6066,0,33%,12%,55%,21%,40%,34%,22%,4%,8%,28%,6%,13%,24%,0%,0%
barendrecht,2020,2904,0%,2904,0,26%,14%,60%,21%,40%,34%,22%,4%,8%,28%,6%,13%,24%,0%,0%
barendrecht,2021,3177,0%,3177,0,24%,14%,62%,21%,40%,34%,22%,4%,8%,28%,6%,13%,24%,0%,0%
barendrecht,2022,4494,0%,4494,0,28%,13%,59%,21%,40%,34%,22%,4%,8%,28%,6%,13%,24%,0%,0%
bodegraven,2019,3448,68%,3448,0,37%,10%,53%,36%,51%,42%,25%,1%,2%,16%,4%,5%,18%,0%,0%
bodegraven,2020,1650,0%,1650,0,32%,11%,57%,36%,51%,42%,25%,1%,2%,16%,4%,5%,18%,0%,0%
bodegraven,2021,1799,0%,1799,0,30%,12%,58%,36%,51%,42%,25%,1%,2%,16%,4%,5%,18%,0%,0%
bodegraven,2022,2603,0%,2603,0,32%,11%,57%,36%,51%,42%,25%,1%,2%,16%,4%,5%,18%,0%,0%
boskoop,2019,1432,78%,1432,0,33%,9%,58%,29%,54%,58%,27%,0%,7%,6%,3%,6%,9%,1%,0%
boskoop,2020,699,0%,699,0,29%,10%,61%,29%,54%,58%,27%,0%,7%,6%,3%,6%,9%,1%,0%
boskoop,2021,777,0%,777,0,27%,11%,62%,29%,54%,58%,27%,0%,7%,6%,3%,6%,9%,1%,0%
boskoop,2022,1074,0%,1074,0,29%,11%,60%,29%,54%,58%,27%,0%,7%,6%,3%,6%,9%,1%,0%
boskoop-snijdelwijk,2019,667,92%,667,0,35%,7%,58%,0%,0%,0%,0%,0%,0%,0%,0%,0%,0%,0%,0%
boskoop-snijdelwijk,2020,340,0%,340,0,31%,9%,60%,0%,0%,0%,0%,0%,0%,0%,0%,0%,0%,0%,0%
boskoop-snijdelwijk,2021,406,0%,406,0,30%,8%,62%,0%,0%,0%,0%,0%,0%,0%,0%,0%,0%,0%,0%
boskoop-snijdelwijk,2022,563,0%,563,0,32%,8%,60%,0%,0%,0%,0%,0%,0%,0%,0%,0%,0%,0%,0%
capelle-schollevaar,2019,2466,52%,2466,0,32%,13%,55%,60%,72%,18%,16%,3%,3%,16%,3%,3%,6%,0%,0%
capelle-schollevaar,2020,1231,0%,1231,0,26%,14%,60%,60%,72%,18%,16%,3%,3%,16%,3%,3%,6%,0%,0%
capelle-schollevaar,2021,1263,0%,1263,0,24%,13%,63%,60%,72%,18%,16%,3%,3%,16%,3%,3%,6%,0%,0%
capelle-schollevaar,2022,1706,0%,1706,0,26%,14%,60%,60%,72%,18%,16%,3%,3%,16%,3%,3%,6%,0%,0%
de-vink,2019,3408,71%,3408,0,41%,6%,53%,46%,55%,41%,24%,1%,8%,9%,9%,3%,4%,0%,0%
de-vink,2020,1454,0%,1454,0,36%,7%,57%,46%,55%,41%,24%,1%,8%,9%,9%,3%,4%,0%,0%
de-vink,2021,1483,0%,1483,0,31%,8%,61%,46%,55%,41%,24%,1%,8%,9%,9%,3%,4%,0%,0%
de-vink,2022,2188,0%,2188,0,33%,8%,59%,46%,55%,41%,24%,1%,8%,9%,9%,3%,4%,0%,0%
delft,2019,40818,92%,40435,383,22%,19%,59%,27%,38%,53%,37%,17%,21%,1%,1%,2%,3%,0%,0%
delft,2020,17313,0%,17163,150,18%,18%,64%,27%,38%,53%,37%,17%,21%,1%,1%,2%,3%,0%,0%
delft,2021,20176,0%,20025,151,16%,18%,66%,27%,38%,53%,37%,17%,21%,1%,1%,2%,3%,0%,0%
delft,2022,31737,0%,31523,214,17%,18%,65%,27%,38%,53%,37%,17%,21%,1%,1%,2%,3%,0%,0%
delft-campus,2019,4719,47%,4719,0,24%,23%,53%,36%,55%,44%,34%,1%,1%,15%,4%,4%,6%,0%,0%
delft-campus,2020,2080,0%,2080,0,20%,23%,57%,36%,55%,44%,34%,1%,1%,15%,4%,4%,6%,0%,0%
delft-campus,2021,2036,0%,2036,0,20%,20%,60%,36%,55%,44%,34%,1%,1%,15%,4%,4%,6%,0%,0%
delft-campus,2022,3131,0%,3131,0,21%,22%,57%,36%,55%,44%,34%,1%,1%,15%,4%,4%,6%,0%,0%
den-haag-centraal,2019,104747,86%,98818,5929,14%,28%,58%,24%,59%,22%,7%,52%,33%,0%,0%,2%,1%,0%,0%
den-haag-centraal,2020,40868,0%,38255,2613,12%,25%,63%,24%,59%,22%,7%,52%,33%,0%,0%,2%,1%,0%,0%
den-haag-centraal,2021,40213,0%,37500,2713,12%,22%,66%,24%,59%,22%,7%,52%,33%,0%,0%,2%,1%,0%,0%
den-haag-centraal,2022,68972,0%,64912,4059,12%,24%,64%,24%,59%,22%,7%,52%,33%,0%,0%,2%,1%,0%,0%
den-haag-hs,2019,40894,74%,34892,6002,19%,18%,63%,29%,56%,31%,9%,38%,34%,0%,0%,2%,1%,0%,0%
den-haag-hs,2020,18530,0%,16094,2435,17%,17%,66%,29%,56%,31%,9%,38%,34%,0%,0%,2%,1%,0%,0%
den-haag-hs,2021,20287,0%,17804,2483,16%,17%,67%,29%,56%,31%,9%,38%,34%,0%,0%,2%,1%,0%,0%
den-haag-hs,2022,29974,0%,26198,3776,17%,17%,66%,29%,56%,31%,9%,38%,34%,0%,0%,2%,1%,0%,0%
den-haag-laan-van-noi,2019,18824,63%,17219,1605,25%,27%,48%,34%,60%,28%,7%,33%,31%,2%,0%,3%,2%,0%,0%
den-haag-laan-van-noi,2020,7391,0%,6746,645,22%,22%,56%,34%,60%,28%,7%,33%,31%,2%,0%,3%,2%,0%,0%
den-haag-laan-van-noi,2021,7075,0%,6411,664,23%,18%,59%,34%,60%,28%,7%,33%,31%,2%,0%,3%,2%,0%,0%
den-haag-laan-van-noi,2022,11608,0%,10677,931,24%,19%,57%,34%,60%,28%,7%,33%,31%,2%,0%,3%,2%,0%,0%
den-haag-mariahoeve,2019,3248,64%,3248,0,27%,24%,49%,35%,80%,35%,8%,6%,5%,15%,3%,9%,4%,0%,0%
den-haag-mariahoeve,2020,1203,0%,1203,0,27%,17%,56%,35%,80%,35%,8%,6%,5%,15%,3%,9%,4%,0%,0%
den-haag-mariahoeve,2021,1337,0%,1337,0,21%,17%,62%,35%,80%,35%,8%,6%,5%,15%,3%,9%,4%,0%,0%
den-haag-mariahoeve,2022,1935,0%,1935,0,23%,17%,60%,35%,80%,35%,8%,6%,5%,15%,3%,9%,4%,0%,0%
den-haag-moerwijk,2019,3203,53%,3203,0,34%,9%,57%,38%,36%,24%,19%,26%,40%,10%,2%,2%,3%,0%,0%
den-haag-moerwijk,2020,1722,0%,1722,0,28%,11%,61%,38%,36%,24%,19%,26%,40%,10%,2%,2%,3%,0%,0%
den-haag-moerwijk,2021,1908,0%,1908,0,25%,11%,64%,38%,36%,24%,19%,26%,40%,10%,2%,2%,3%,0%,0%
den-haag-moerwijk,2022,2434,0%,2434,0,28%,10%,62%,38%,36%,24%,19%,26%,40%,10%,2%,2%,3%,0%,0%
den-haag-ypenburg,2019,2654,64%,2654,0,30%,19%,51%,20%,39%,47%,17%,14%,25%,11%,3%,8%,16%,0%,0%
den-haag-ypenburg,2020,1038,0%,1038,0,25%,20%,55%,20%,39%,47%,17%,14%,25%,11%,3%,8%,16%,0%,0%
den-haag-ypenburg,2021,1040,0%,1040,0,20%,20%,60%,20%,39%,47%,17%,14%,25%,11%,3%,8%,16%,0%,0%
den-haag-ypenburg,2022,1582,0%,1582,0,25%,19%,56%,20%,39%,47%,17%,14%,25%,11%,3%,8%,16%,0%,0%
dordrecht,2019,27860,69%,24647,3213,31%,14%,55%,27%,53%,36%,13%,25%,24%,5%,2%,7%,8%,0%,0%
dordrecht,2020,13147,0%,11731,1416,27%,15%,58%,27%,53%,36%,13%,25%,24%,5%,2%,7%,8%,0%,0%
dordrecht,2021,13766,0%,12313,1453,25%,15%,60%,27%,53%,36%,13%,25%,24%,5%,2%,7%,8%,0%,0%
dordrecht,2022,18817,0%,16938,1879,27%,14%,59%,27%,53%,36%,13%,25%,24%,5%,2%,7%,8%,0%,0%
dordrecht-zuid,2019,1242,48%,1242,0,33%,12%,55%,50%,71%,35%,13%,4%,5%,9%,0%,2%,11%,0%,0%
dordrecht-zuid,2020,636,0%,636,0,25%,16%,59%,50%,71%,35%,13%,4%,5%,9%,0%,2%,11%,0%,0%
dordrecht-zuid,2021,684,0%,684,0,25%,15%,60%,50%,71%,35%,13%,4%,5%,9%,0%,2%,11%,0%,0%
dordrecht-zuid,2022,815,0%,815,0,28%,14%,58%,50%,71%,35%,13%,4%,5%,9%,0%,2%,11%,0%,0%
gouda,2019,35726,65%,25126,10600,29%,15%,56%,22%,62%,57%,20%,14%,10%,3%,1%,4%,7%,0%,0%
gouda,2020,16172,0%,11757,4415,24%,16%,60%,22%,62%,57%,20%,14%,10%,3%,1%,4%,7%,0%,0%
gouda,2021,16229,0%,12008,4221,22%,16%,62%,22%,62%,57%,20%,14%,10%,3%,1%,4%,7%,0%,0%
gouda,2022,24562,0%,17629,6933,24%,15%,61%,22%,62%,57%,20%,14%,10%,3%,1%,4%,7%,0%,0%
gouda-goverwelle,2019,3254,62%,3254,0,41%,6%,53%,34%,50%,49%,27%,1%,5%,11%,2%,5%,16%,0%,0%
gouda-goverwelle,2020,1508,0%,1508,0,35%,7%,58%,34%,50%,49%,27%,1%,5%,11%,2%,5%,16%,0%,0%
gouda-goverwelle,2021,1529,0%,1529,0,32%,9%,59%,34%,50%,49%,27%,1%,5%,11%,2%,5%,16%,0%,0%
gouda-goverwelle,2022,2183,0%,2183,0,36%,8%,56%,34%,50%,49%,27%,1%,5%,11%,2%,5%,16%,0%,0%
hillegom,2019,2555,69%,2555,0,39%,7%,54%,13%,27%,55%,32%,4%,10%,21%,7%,7%,24%,0%,0%
hillegom,2020,1149,0%,1149,0,33%,9%,58%,13%,27%,55%,32%,4%,10%,21%,7%,7%,24%,0%,0%
hillegom,2021,1300,0%,1300,0,29%,10%,61%,13%,27%,55%,32%,4%,10%,21%,7%,7%,24%,0%,0%
hillegom,2022,1790,0%,1790,0,33%,9%,58%,13%,27%,55%,32%,4%,10%,21%,7%,7%,24%,0%,0%
lansingerland-zoetermeer,2019,1465,89%,1465,0,34%,16%,50%,0%,0%,0%,0%,0%,0%,0%,0%,0%,0%,0%,0%
lansingerland-zoetermeer,2020,1070,0%,1070,0,24%,22%,54%,0%,0%,0%,0%,0%,0%,0%,0%,0%,0%,0%,0%
lansingerland-zoetermeer,2021,1249,0%,1249,0,21%,22%,57%,0%,0%,0%,0%,0%,0%,0%,0%,0%,0%,0%,0%
lansingerland-zoetermeer,2022,2091,0%,2091,0,26%,19%,55%,0%,0%,0%,0%,0%,0%,0%,0%,0%,0%,0%,0%
leiden-centraal,2019,102305,87%,82689,19616,21%,21%,58%,22%,59%,53%,20%,21%,18%,1%,0%,3%,3%,0%,0%
leiden-centraal,2020,44102,0%,36267,7835,18%,21%,61%,22%,59%,53%,20%,21%,18%,1%,0%,3%,3%,0%,0%
leiden-centraal,2021,48046,0%,39870,8176,16%,21%,63%,22%,59%,53%,20%,21%,18%,1%,0%,3%,3%,0%,0%
leiden-centraal,2022,72162,0%,58924,13238,17%,21%,62%,22%,59%,53%,20%,21%,18%,1%,0%,3%,3%,0%,0%
leiden-lammenschans,2019,4836,61%,4836,0,27%,16%,57%,33%,51%,51%,27%,9%,15%,3%,1%,4%,6%,0%,0%
leiden-lammenschans,2020,2168,0%,2168,0,21%,18%,61%,33%,51%,51%,27%,9%,15%,3%,1%,4%,6%,0%,0%
leiden-lammenschans,2021,2544,0%,2544,0,18%,18%,64%,33%,51%,51%,27%,9%,15%,3%,1%,4%,6%,0%,0%
leiden-lammenschans,2022,3847,0%,3847,0,23%,17%,60%,33%,51%,51%,27%,9%,15%,3%,1%,4%,6%,0%,0%
nieuwerkerk-a-d-ijssel,2019,3709,47%,3709,0,40%,8%,52%,39%,58%,42%,14%,2%,3%,12%,6%,5%,19%,0%,0%
nieuwerkerk-a-d-ijssel,2020,1694,0%,1694,0,34%,10%,56%,39%,58%,42%,14%,2%,3%,12%,6%,5%,19%,0%,0%
nieuwerkerk-a-d-ijssel,2021,1751,0%,1751,0,31%,10%,59%,39%,58%,42%,14%,2%,3%,12%,6%,5%,19%,0%,0%
nieuwerkerk-a-d-ijssel,2022,2519,0%,2519,0,34%,9%,57%,39%,58%,42%,14%,2%,3%,12%,6%,5%,19%,0%,0%
rijswijk,2019,7060,52%,7060,0,27%,21%,52%,37%,69%,32%,9%,24%,18%,3%,1%,4%,3%,0%,0%
rijswijk,2020,3060,0%,3060,0,23%,19%,58%,37%,69%,32%,9%,24%,18%,3%,1%,4%,3%,0%,0%
rijswijk,2021,3237,0%,3237,0,21%,17%,62%,37%,69%,32%,9%,24%,18%,3%,1%,4%,3%,0%,0%
rijswijk,2022,4532,0%,4532,0,24%,17%,59%,37%,69%,32%,9%,24%,18%,3%,1%,4%,3%,0%,0%
rotterdam-alexander,2019,19419,42%,18917,502,19%,23%,58%,15%,42%,23%,6%,50%,44%,6%,1%,6%,7%,0%,0%
rotterdam-alexander,2020,7947,0%,7731,216,16%,21%,63%,15%,42%,23%,6%,50%,44%,6%,1%,6%,7%,0%,0%
rotterdam-alexander,2021,8125,0%,7922,203,14%,20%,66%,15%,42%,23%,6%,50%,44%,6%,1%,6%,7%,0%,0%
rotterdam-alexander,2022,12275,0%,11962,313,17%,21%,62%,15%,42%,23%,6%,50%,44%,6%,1%,6%,7%,0%,0%
rotterdam-blaak,2019,26237,70%,25882,355,16%,27%,57%,36%,52%,12%,5%,52%,42%,0%,0%,0%,1%,0%,0%
rotterdam-blaak,2020,11068,0%,10902,166,14%,25%,61%,36%,52%,12%,5%,52%,42%,0%,0%,0%,1%,0%,0%
rotterdam-blaak,2021,11890,0%,11719,171,13%,24%,63%,36%,52%,12%,5%,52%,42%,0%,0%,0%,1%,0%,0%
rotterdam-blaak,2022,17976,0%,17746,230,14%,24%,62%,36%,52%,12%,5%,52%,42%,0%,0%,0%,1%,0%,0%
rotterdam-centraal,2019,120670,93%,101732,18938,17%,22%,61%,23%,44%,27%,10%,48%,44%,0%,0%,2%,2%,0%,0%
rotterdam-centraal,2020,51780,0%,44029,7751,14%,21%,65%,23%,44%,27%,10%,48%,44%,0%,0%,2%,2%,0%,0%
rotterdam-centraal,2021,55553,0%,47421,8132,13%,20%,67%,23%,44%,27%,10%,48%,44%,0%,0%,2%,2%,0%,0%
rotterdam-centraal,2022,88983,0%,75951,13032,15%,20%,65%,23%,44%,27%,10%,48%,44%,0%,0%,2%,2%,0%,0%
rotterdam-lombardijen,2019,6768,56%,6768,0,21%,19%,60%,28%,53%,20%,7%,36%,29%,9%,2%,7%,9%,0%,0%
rotterdam-lombardijen,2020,3595,0%,3595,0,17%,21%,62%,28%,53%,20%,7%,36%,29%,9%,2%,7%,9%,0%,0%
rotterdam-lombardijen,2021,3982,0%,3982,0,17%,21%,62%,28%,53%,20%,7%,36%,29%,9%,2%,7%,9%,0%,0%
rotterdam-lombardijen,2022,4922,0%,4922,0,19%,19%,62%,28%,53%,20%,7%,36%,29%,9%,2%,7%,9%,0%,0%
rotterdam-noord,2019,2577,48%,2577,0,35%,13%,52%,53%,56%,29%,19%,12%,19%,4%,0%,2%,6%,0%,0%
rotterdam-noord,2020,1215,0%,1215,0,26%,14%,60%,53%,56%,29%,19%,12%,19%,4%,0%,2%,6%,0%,0%
rotterdam-noord,2021,1270,0%,1270,0,22%,15%,63%,53%,56%,29%,19%,12%,19%,4%,0%,2%,6%,0%,0%
rotterdam-noord,2022,1766,0%,1766,0,27%,14%,59%,53%,56%,29%,19%,12%,19%,4%,0%,2%,6%,0%,0%
rotterdam-zuid,2019,3658,42%,3658,0,15%,19%,66%,62%,74%,18%,6%,14%,19%,3%,0%,2%,1%,1%,0%
rotterdam-zuid,2020,1823,0%,1823,0,13%,20%,67%,62%,74%,18%,6%,14%,19%,3%,0%,2%,1%,1%,0%
rotterdam-zuid,2021,2155,0%,2155,0,13%,19%,68%,62%,74%,18%,6%,14%,19%,3%,0%,2%,1%,1%,0%
rotterdam-zuid,2022,2769,0%,2769,0,14%,18%,68%,62%,74%,18%,6%,14%,19%,3%,0%,2%,1%,1%,0%
sassenheim,2019,4942,75%,4942,0,37%,10%,53%,6%,17%,45%,19%,12%,21%,20%,10%,16%,33%,1%,0%
sassenheim,2020,2109,0%,2109,0,31%,12%,57%,6%,17%,45%,19%,12%,21%,20%,10%,16%,33%,1%,0%
sassenheim,2021,2328,0%,2328,0,28%,12%,60%,6%,17%,45%,19%,12%,21%,20%,10%,16%,33%,1%,0%
sassenheim,2022,3326,0%,3326,0,31%,11%,58%,6%,17%,45%,19%,12%,21%,20%,10%,16%,33%,1%,0%
schiedam-centrum,2019,24253,56%,24246,7,27%,17%,56%,13%,24%,18%,8%,57%,60%,6%,1%,6%,7%,0%,0%
schiedam-centrum,2020,11304,0%,11301,3,22%,18%,60%,13%,24%,18%,8%,57%,60%,6%,1%,6%,7%,0%,0%
schiedam-centrum,2021,12579,0%,12576,3,20%,17%,63%,13%,24%,18%,8%,57%,60%,6%,1%,6%,7%,0%,0%
schiedam-centrum,2022,11490,0%,11487,3,15%,11%,39%,9%,16%,12%,5%,37%,39%,4%,1%,4%,5%,0%,0%
voorburg,2019,2148,64%,2148,0,25%,22%,53%,27%,68%,54%,14%,10%,12%,6%,1%,3%,5%,0%,0%
voorburg,2020,791,0%,791,0,21%,21%,58%,27%,68%,54%,14%,10%,12%,6%,1%,3%,5%,0%,0%
voorburg,2021,702,0%,702,0,18%,20%,62%,27%,68%,54%,14%,10%,12%,6%,1%,3%,5%,0%,0%
voorburg,2022,1170,0%,1170,0,21%,21%,58%,27%,68%,54%,14%,10%,12%,6%,1%,3%,5%,0%,0%
voorhout,2019,3435,80%,3435,0,39%,8%,53%,34%,52%,40%,18%,4%,4%,16%,9%,6%,17%,0%,0%
voorhout,2020,1545,0%,1545,0,33%,9%,58%,34%,52%,40%,18%,4%,4%,16%,9%,6%,17%,0%,0%
voorhout,2021,1662,0%,1662,0,29%,11%,60%,34%,52%,40%,18%,4%,4%,16%,9%,6%,17%,0%,0%
voorhout,2022,2362,0%,2362,0,33%,9%,58%,34%,52%,40%,18%,4%,4%,16%,9%,6%,17%,0%,0%
voorschoten,2019,3639,70%,3639,0,36%,10%,54%,36%,45%,42%,25%,2%,2%,15%,6%,5%,22%,0%,0%
voorschoten,2020,1527,0%,1527,0,27%,16%,57%,36%,45%,42%,25%,2%,2%,15%,6%,5%,22%,0%,0%
voorschoten,2021,1492,0%,1492,0,21%,16%,63%,36%,45%,42%,25%,2%,2%,15%,6%,5%,22%,0%,0%
voorschoten,2022,2322,0%,2322,0,26%,14%,60%,36%,45%,42%,25%,2%,2%,15%,6%,5%,22%,0%,0%
waddinxveen,2019,1915,70%,1915,0,32%,9%,59%,40%,70%,49%,17%,1%,1%,8%,3%,2%,9%,0%,0%
waddinxveen,2020,952,0%,952,0,26%,11%,63%,40%,70%,49%,17%,1%,1%,8%,3%,2%,9%,0%,0%
waddinxveen,2021,1027,0%,1027,0,26%,12%,62%,40%,70%,49%,17%,1%,1%,8%,3%,2%,9%,0%,0%
waddinxveen,2022,1360,0%,1360,0,28%,10%,62%,40%,70%,49%,17%,1%,1%,8%,3%,2%,9%,0%,0%
waddinxveen-noord,2019,898,80%,898,0,33%,7%,60%,75%,86%,18%,7%,3%,0%,3%,1%,1%,6%,0%,0%
waddinxveen-noord,2020,469,0%,469,0,29%,8%,63%,75%,86%,18%,7%,3%,0%,3%,1%,1%,6%,0%,0%
waddinxveen-noord,2021,521,0%,521,0,28%,9%,63%,75%,86%,18%,7%,3%,0%,3%,1%,1%,6%,0%,0%
waddinxveen-noord,2022,678,0%,678,0,30%,8%,62%,75%,86%,18%,7%,3%,0%,3%,1%,1%,6%,0%,0%
waddinxveen-triangel,2019,695,82%,695,0,33%,16%,51%,0%,0%,0%,0%,0%,0%,0%,0%,0%,0%,0%,0%
waddinxveen-triangel,2020,400,0%,400,0,27%,21%,52%,0%,0%,0%,0%,0%,0%,0%,0%,0%,0%,0%,0%
waddinxveen-triangel,2021,513,0%,513,0,23%,21%,56%,0%,0%,0%,0%,0%,0%,0%,0%,0%,0%,0%,0%
waddinxveen-triangel,2022,751,0%,751,0,29%,19%,52%,0%,0%,0%,0%,0%,0%,0%,0%,0%,0%,0%,0%
zoetermeer,2019,4868,54%,4868,0,28%,22%,50%,26%,61%,34%,9%,18%,18%,14%,3%,8%,9%,0%,0%
zoetermeer,2020,1810,0%,1810,0,25%,22%,53%,26%,61%,34%,9%,18%,18%,14%,3%,8%,9%,0%,0%
zoetermeer,2021,1478,0%,1478,0,21%,20%,59%,26%,61%,34%,9%,18%,18%,14%,3%,8%,9%,0%,0%
zoetermeer,2022,2199,0%,2199,0,23%,21%,56%,26%,61%,34%,9%,18%,18%,14%,3%,8%,9%,0%,0%
zoetermeer-oost,2019,2657,59%,2657,0,35%,14%,51%,32%,43%,32%,21%,8%,18%,21%,6%,7%,12%,0%,0%
zoetermeer-oost,2020,1026,0%,1026,0,30%,15%,55%,32%,43%,32%,21%,8%,18%,21%,6%,7%,12%,0%,0%
zoetermeer-oost,2021,870,0%,870,0,26%,15%,59%,32%,43%,32%,21%,8%,18%,21%,6%,7%,12%,0%,0%
zoetermeer-oost,2022,1428,0%,1428,0,27%,16%,57%,32%,43%,32%,21%,8%,18%,21%,6%,7%,12%,0%,0%
zwijndrecht,2019,5551,62%,5551,0,37%,10%,53%,21%,45%,48%,20%,7%,14%,16%,4%,8%,17%,0%,0%
zwijndrecht,2020,2653,0%,2653,0,31%,11%,58%,21%,45%,48%,20%,7%,14%,16%,4%,8%,17%,0%,0%
zwijndrecht,2021,2687,0%,2687,0,28%,12%,60%,21%,45%,48%,20%,7%,14%,16%,4%,8%,17%,0%,0%
zwijndrecht,2022,3815,0%,3815,0,31%,12%,57%,21%,45%,48%,20%,7%,14%,16%,4%,8%,17%,0%,0%
alkmaar,2019,22018,84%,21495,523,22%,16%,62%,25%,50%,45%,19%,21%,23%,3%,2%,6%,6%,0%,0%
alkmaar,2020,10452,0%,10238,214,20%,17%,63%,25%,50%,45%,19%,21%,23%,3%,2%,6%,6%,0%,0%
alkmaar,2021,10725,0%,10510,215,18%,17%,65%,25%,50%,45%,19%,21%,23%,3%,2%,6%,6%,0%,0%
alkmaar,2022,14539,0%,14211,328,20%,16%,64%,25%,50%,45%,19%,21%,23%,3%,2%,6%,6%,0%,0%
alkmaar-noord,2019,5046,52%,5046,0,35%,9%,56%,19%,44%,47%,25%,5%,10%,21%,5%,8%,15%,0%,1%
alkmaar-noord,2020,2282,0%,2282,0,32%,12%,56%,19%,44%,47%,25%,5%,10%,21%,5%,8%,15%,0%,1%
alkmaar-noord,2021,2158,0%,2158,0,30%,12%,58%,19%,44%,47%,25%,5%,10%,21%,5%,8%,15%,0%,1%
alkmaar-noord,2022,3031,0%,3031,0,32%,11%,57%,19%,44%,47%,25%,5%,10%,21%,5%,8%,15%,0%,1%
amsterdam-amstel,2019,37793,79%,36100,1693,14%,28%,58%,19%,36%,45%,13%,35%,50%,0%,0%,1%,1%,0%,0%
amsterdam-amstel,2020,14823,0%,14111,712,12%,24%,64%,19%,36%,45%,13%,35%,50%,0%,0%,1%,1%,0%,0%
amsterdam-amstel,2021,14888,0%,14098,790,12%,22%,66%,19%,36%,45%,13%,35%,50%,0%,0%,1%,1%,0%,0%
amsterdam-amstel,2022,23239,0%,22023,1216,13%,23%,64%,19%,36%,45%,13%,35%,50%,0%,0%,1%,1%,0%,0%
amsterdam-bijlmer-arena,2019,32197,74%,30035,2162,8%,35%,57%,29%,80%,16%,2%,50%,16%,1%,0%,4%,2%,0%,0%
amsterdam-bijlmer-arena,2020,11325,0%,10454,871,9%,29%,62%,29%,80%,16%,2%,50%,16%,1%,0%,4%,2%,0%,0%
amsterdam-bijlmer-arena,2021,10489,0%,9564,925,9%,24%,67%,29%,80%,16%,2%,50%,16%,1%,0%,4%,2%,0%,0%
amsterdam-bijlmer-arena,2022,20739,0%,19168,1571,8%,23%,69%,29%,80%,16%,2%,50%,16%,1%,0%,4%,2%,0%,0%
amsterdam-centraal,2019,213035,87%,199510,13525,10%,22%,68%,21%,42%,29%,10%,49%,47%,0%,0%,1%,1%,0%,0%
amsterdam-centraal,2020,85238,0%,79320,5918,9%,21%,70%,21%,42%,29%,10%,49%,47%,0%,0%,1%,1%,0%,0%
amsterdam-centraal,2021,86202,0%,79896,6306,9%,21%,70%,21%,42%,29%,10%,49%,47%,0%,0%,1%,1%,0%,0%
amsterdam-centraal,2022,151112,0%,141845,9267,8%,20%,72%,21%,42%,29%,10%,49%,47%,0%,0%,1%,1%,0%,0%
amsterdam-holendrecht,2019,4620,48%,4620,0,5%,40%,55%,55%,90%,16%,3%,23%,6%,1%,0%,4%,1%,1%,0%
amsterdam-holendrecht,2020,2277,0%,2277,0,5%,39%,56%,55%,90%,16%,3%,23%,6%,1%,0%,4%,1%,1%,0%
amsterdam-holendrecht,2021,2587,0%,2587,0,7%,33%,60%,55%,90%,16%,3%,23%,6%,1%,0%,4%,1%,1%,0%
amsterdam-holendrecht,2022,4091,0%,4091,0,7%,34%,59%,55%,90%,16%,3%,23%,6%,1%,0%,4%,1%,1%,0%
amsterdam-lelylaan,2019,15908,45%,15908,0,26%,17%,57%,23%,37%,44%,14%,31%,45%,0%,0%,2%,4%,0%,0%
amsterdam-lelylaan,2020,7333,0%,7333,0,21%,18%,61%,23%,37%,44%,14%,31%,45%,0%,0%,2%,4%,0%,0%
amsterdam-lelylaan,2021,7322,0%,7322,0,19%,18%,63%,23%,37%,44%,14%,31%,45%,0%,0%,2%,4%,0%,0%
amsterdam-lelylaan,2022,11268,0%,11268,0,20%,17%,63%,23%,37%,44%,14%,31%,45%,0%,0%,2%,4%,0%,0%
amsterdam-muiderpoort,2019,15434,53%,15149,285,22%,18%,60%,54%,62%,37%,15%,9%,22%,0%,0%,0%,1%,0%,0%
amsterdam-muiderpoort,2020,7568,0%,7455,113,17%,19%,64%,54%,62%,37%,15%,9%,22%,0%,0%,0%,1%,0%,0%
amsterdam-muiderpoort,2021,7966,0%,7870,96,16%,19%,65%,54%,62%,37%,15%,9%,22%,0%,0%,0%,1%,0%,0%
amsterdam-muiderpoort,2022,11184,0%,11041,143,17%,18%,65%,54%,62%,37%,15%,9%,22%,0%,0%,0%,1%,0%,0%
amsterdam-rai,2019,4842,61%,4842,0,14%,25%,61%,37%,79%,50%,7%,11%,9%,1%,1%,1%,4%,0%,0%
amsterdam-rai,2020,2113,0%,2113,0,13%,23%,64%,37%,79%,50%,7%,11%,9%,1%,1%,1%,4%,0%,0%
amsterdam-rai,2021,2043,0%,2043,0,12%,22%,66%,37%,79%,50%,7%,11%,9%,1%,1%,1%,4%,0%,0%
amsterdam-rai,2022,3621,0%,3621,0,12%,22%,66%,37%,79%,50%,7%,11%,9%,1%,1%,1%,4%,0%,0%
amsterdam-science-park,2019,4869,73%,4869,0,8%,29%,63%,59%,92%,37%,5%,3%,2%,0%,0%,1%,1%,0%,0%
amsterdam-science-park,2020,2131,0%,2131,0,8%,27%,65%,59%,92%,37%,5%,3%,2%,0%,0%,1%,1%,0%,0%
amsterdam-science-park,2021,2357,0%,2357,0,7%,28%,65%,59%,92%,37%,5%,3%,2%,0%,0%,1%,1%,0%,0%
amsterdam-science-park,2022,3665,0%,3665,0,7%,28%,65%,59%,92%,37%,5%,3%,2%,0%,0%,1%,1%,0%,0%
amsterdam-sloterdijk,2019,71774,61%,60472,11302,10%,31%,59%,15%,47%,38%,9%,44%,42%,1%,0%,2%,2%,0%,0%
amsterdam-sloterdijk,2020,30999,0%,25981,5018,9%,28%,63%,15%,47%,38%,9%,44%,42%,1%,0%,2%,2%,0%,0%
amsterdam-sloterdijk,2021,29649,0%,24411,5238,10%,26%,64%,15%,47%,38%,9%,44%,42%,1%,0%,2%,2%,0%,0%
amsterdam-sloterdijk,2022,46362,0%,38788,7574,9%,27%,64%,15%,47%,38%,9%,44%,42%,1%,0%,2%,2%,0%,0%
amsterdam-zuid,2019,73612,63%,68699,4913,15%,28%,57%,15%,49%,47%,15%,37%,35%,0%,0%,1%,1%,0%,0%
amsterdam-zuid,2020,30850,0%,28767,2083,13%,25%,62%,15%,49%,47%,15%,37%,35%,0%,0%,1%,1%,0%,0%
amsterdam-zuid,2021,31603,0%,29618,1985,12%,23%,65%,15%,49%,47%,15%,37%,35%,0%,0%,1%,1%,0%,0%
amsterdam-zuid,2022,50262,0%,46629,3633,12%,24%,64%,15%,49%,47%,15%,37%,35%,0%,0%,1%,1%,0%,0%
anna-paulowna,2019,2092,71%,2092,0,39%,7%,54%,12%,21%,43%,12%,5%,9%,19%,12%,21%,46%,0%,0%
anna-paulowna,2020,1106,0%,1106,0,40%,8%,52%,12%,21%,43%,12%,5%,9%,19%,12%,21%,46%,0%,0%
anna-paulowna,2021,1127,0%,1127,0,38%,8%,54%,12%,21%,43%,12%,5%,9%,19%,12%,21%,46%,0%,0%
anna-paulowna,2022,1450,0%,1450,0,37%,8%,55%,12%,21%,43%,12%,5%,9%,19%,12%,21%,46%,0%,0%
beverwijk,2019,5411,53%,5411,0,24%,17%,59%,24%,51%,54%,25%,13%,16%,4%,0%,5%,8%,0%,0%
beverwijk,2020,2687,0%,2687,0,21%,18%,61%,24%,51%,54%,25%,13%,16%,4%,0%,5%,8%,0%,0%
beverwijk,2021,2772,0%,2772,0,20%,18%,62%,24%,51%,54%,25%,13%,16%,4%,0%,5%,8%,0%,0%
beverwijk,2022,3814,0%,3814,0,21%,18%,61%,24%,51%,54%,25%,13%,16%,4%,0%,5%,8%,0%,0%
bloemendaal,2019,1517,78%,1517,0,22%,11%,67%,60%,65%,34%,26%,0%,2%,4%,2%,2%,5%,0%,0%
bloemendaal,2020,807,0%,807,0,18%,16%,66%,60%,65%,34%,26%,0%,2%,4%,2%,2%,5%,0%,0%
bloemendaal,2021,867,0%,867,0,14%,17%,69%,60%,65%,34%,26%,0%,2%,4%,2%,2%,5%,0%,0%
bloemendaal,2022,1179,0%,1179,0,15%,16%,69%,60%,65%,34%,26%,0%,2%,4%,2%,2%,5%,0%,0%
bovenkarspel-flora,2019,705,75%,705,0,30%,9%,61%,43%,44%,41%,40%,1%,3%,8%,1%,7%,12%,0%,0%
bovenkarspel-flora,2020,364,0%,364,0,33%,10%,57%,43%,44%,41%,40%,1%,3%,8%,1%,7%,12%,0%,0%
bovenkarspel-flora,2021,393,0%,393,0,33%,11%,56%,43%,44%,41%,40%,1%,3%,8%,1%,7%,12%,0%,0%
bovenkarspel-flora,2022,517,0%,517,0,32%,10%,58%,43%,44%,41%,40%,1%,3%,8%,1%,7%,12%,0%,0%
bovenkarspel-grootebroek,2019,2336,74%,2336,0,31%,6%,63%,30%,51%,49%,24%,3%,4%,10%,2%,7%,19%,1%,0%
bovenkarspel-grootebroek,2020,1089,0%,1089,0,33%,8%,59%,30%,51%,49%,24%,3%,4%,10%,2%,7%,19%,1%,0%
bovenkarspel-grootebroek,2021,1155,0%,1155,0,32%,8%,60%,30%,51%,49%,24%,3%,4%,10%,2%,7%,19%,1%,0%
bovenkarspel-grootebroek,2022,1511,0%,1511,0,32%,8%,60%,30%,51%,49%,24%,3%,4%,10%,2%,7%,19%,1%,0%
bussum-zuid,2019,4675,76%,4675,0,32%,11%,57%,29%,49%,35%,16%,2%,7%,24%,4%,10%,23%,0%,1%
bussum-zuid,2020,2080,0%,2080,0,27%,12%,61%,29%,49%,35%,16%,2%,7%,24%,4%,10%,23%,0%,1%
bussum-zuid,2021,2258,0%,2258,0,22%,13%,65%,29%,49%,35%,16%,2%,7%,24%,4%,10%,23%,0%,1%
bussum-zuid,2022,3129,0%,3129,0,25%,12%,63%,29%,49%,35%,16%,2%,7%,24%,4%,10%,23%,0%,1%
castricum,2019,9491,62%,7740,1751,36%,8%,56%,21%,34%,48%,33%,5%,13%,15%,3%,11%,17%,0%,0%
castricum,2020,4398,0%,3590,808,31%,10%,59%,21%,34%,48%,33%,5%,13%,15%,3%,11%,17%,0%,0%
castricum,2021,4522,0%,3701,821,28%,11%,61%,21%,34%,48%,33%,5%,13%,15%,3%,11%,17%,0%,0%
castricum,2022,6510,0%,5336,1174,31%,10%,59%,21%,34%,48%,33%,5%,13%,15%,3%,11%,17%,0%,0%
den-helder,2019,4293,59%,4293,0,22%,13%,65%,47%,42%,23%,23%,19%,22%,5%,1%,6%,9%,0%,3%
den-helder,2020,2356,0%,2356,0,21%,16%,63%,47%,42%,23%,23%,19%,22%,5%,1%,6%,9%,0%,3%
den-helder,2021,2462,0%,2462,0,20%,16%,64%,47%,42%,23%,23%,19%,22%,5%,1%,6%,9%,0%,3%
den-helder,2022,3031,0%,3031,0,20%,15%,65%,47%,42%,23%,23%,19%,22%,5%,1%,6%,9%,0%,3%
den-helder-zuid,2019,2210,33%,2210,0,31%,9%,60%,17%,23%,17%,21%,29%,27%,22%,8%,15%,21%,0%,0%
den-helder-zuid,2020,1137,0%,1137,0,31%,9%,60%,17%,23%,17%,21%,29%,27%,22%,8%,15%,21%,0%,0%
den-helder-zuid,2021,1249,0%,1249,0,29%,9%,62%,17%,23%,17%,21%,29%,27%,22%,8%,15%,21%,0%,0%
den-helder-zuid,2022,1598,0%,1598,0,30%,9%,61%,17%,23%,17%,21%,29%,27%,22%,8%,15%,21%,0%,0%
diemen,2019,3328,71%,3328,0,24%,12%,64%,51%,63%,33%,18%,10%,9%,3%,0%,3%,9%,0%,1%
diemen,2020,1747,0%,1747,0,19%,13%,68%,51%,63%,33%,18%,10%,9%,3%,0%,3%,9%,0%,1%
diemen,2021,1772,0%,1772,0,19%,13%,68%,51%,63%,33%,18%,10%,9%,3%,0%,3%,9%,0%,1%
diemen,2022,2310,0%,2310,0,20%,12%,68%,51%,63%,33%,18%,10%,9%,3%,0%,3%,9%,0%,1%
diemen-zuid,2019,3535,58%,3535,0,22%,19%,59%,59%,70%,17%,3%,20%,23%,3%,1%,1%,3%,0%,0%
diemen-zuid,2020,1727,0%,1727,0,20%,18%,62%,59%,70%,17%,3%,20%,23%,3%,1%,1%,3%,0%,0%
diemen-zuid,2021,1972,0%,1972,0,20%,17%,63%,59%,70%,17%,3%,20%,23%,3%,1%,1%,3%,0%,0%
diemen-zuid,2022,2692,0%,2692,0,21%,17%,62%,59%,70%,17%,3%,20%,23%,3%,1%,1%,3%,0%,0%
driehuis,2019,1361,67%,1361,0,25%,8%,67%,28%,58%,33%,14%,6%,5%,26%,2%,7%,21%,0%,0%
driehuis,2020,638,0%,638,0,20%,11%,69%,28%,58%,33%,14%,6%,5%,26%,2%,7%,21%,0%,0%
driehuis,2021,520,0%,520,0,21%,14%,65%,28%,58%,33%,14%,6%,5%,26%,2%,7%,21%,0%,0%
driehuis,2022,757,0%,757,0,23%,12%,65%,28%,58%,33%,14%,6%,5%,26%,2%,7%,21%,0%,0%
duivendrecht,2019,16785,64%,12500,4285,13%,33%,54%,14%,15%,22%,7%,59%,76%,2%,0%,3%,2%,0%,0%
duivendrecht,2020,7134,0%,5386,1748,12%,28%,60%,14%,15%,22%,7%,59%,76%,2%,0%,3%,2%,0%,0%
duivendrecht,2021,6707,0%,5034,1673,13%,24%,63%,14%,15%,22%,7%,59%,76%,2%,0%,3%,2%,0%,0%
duivendrecht,2022,9408,0%,6873,2535,12%,25%,63%,14%,15%,22%,7%,59%,76%,2%,0%,3%,2%,0%,0%
enkhuizen,2019,2326,85%,2326,0,27%,11%,62%,37%,69%,50%,23%,5%,3%,4%,1%,4%,4%,0%,0%
enkhuizen,2020,1076,0%,1076,0,27%,12%,61%,37%,69%,50%,23%,5%,3%,4%,1%,4%,4%,0%,0%
enkhuizen,2021,1187,0%,1187,0,25%,12%,63%,37%,69%,50%,23%,5%,3%,4%,1%,4%,4%,0%,0%
enkhuizen,2022,1607,0%,1607,0,26%,12%,62%,37%,69%,50%,23%,5%,3%,4%,1%,4%,4%,0%,0%
haarlem,2019,48052,91%,43807,4245,28%,15%,57%,22%,52%,52%,21%,23%,22%,1%,1%,2%,3%,0%,1%
haarlem,2020,22108,0%,20367,1741,22%,16%,62%,22%,52%,52%,21%,23%,22%,1%,1%,2%,3%,0%,1%
haarlem,2021,22496,0%,20562,1934,19%,17%,64%,22%,52%,52%,21%,23%,22%,1%,1%,2%,3%,0%,1%
haarlem,2022,33456,0%,30674,2782,21%,16%,63%,22%,52%,52%,21%,23%,22%,1%,1%,2%,3%,0%,1%
haarlem-spaarnwoude,2019,4170,46%,4170,0,23%,22%,55%,28%,63%,32%,13%,6%,3%,27%,4%,7%,17%,0%,0%
haarlem-spaarnwoude,2020,2125,0%,2125,0,18%,24%,58%,28%,63%,32%,13%,6%,3%,27%,4%,7%,17%,0%,0%
haarlem-spaarnwoude,2021,2074,0%,2074,0,16%,24%,60%,28%,63%,32%,13%,6%,3%,27%,4%,7%,17%,0%,0%
haarlem-spaarnwoude,2022,2943,0%,2943,0,18%,23%,59%,28%,63%,32%,13%,6%,3%,27%,4%,7%,17%,0%,0%
halfweg-zwanenburg,2019,3063,63%,3063,0,25%,17%,58%,31%,55%,40%,20%,0%,1%,17%,6%,12%,18%,0%,0%
halfweg-zwanenburg,2020,1441,0%,1441,0,22%,17%,61%,31%,55%,40%,20%,0%,1%,17%,6%,12%,18%,0%,0%
halfweg-zwanenburg,2021,1720,0%,1720,0,18%,18%,64%,31%,55%,40%,20%,0%,1%,17%,6%,12%,18%,0%,0%
halfweg-zwanenburg,2022,2349,0%,2349,0,18%,17%,65%,31%,55%,40%,20%,0%,1%,17%,6%,12%,18%,0%,0%
heemskerk,2019,2750,54%,2750,0,36%,6%,58%,46%,52%,40%,28%,2%,5%,9%,6%,3%,9%,0%,0%
heemskerk,2020,1430,0%,1430,0,32%,7%,61%,46%,52%,40%,28%,2%,5%,9%,6%,3%,9%,0%,0%
heemskerk,2021,1511,0%,1511,0,31%,8%,61%,46%,52%,40%,28%,2%,5%,9%,6%,3%,9%,0%,0%
heemskerk,2022,2001,0%,2001,0,33%,7%,60%,46%,52%,40%,28%,2%,5%,9%,6%,3%,9%,0%,0%
heemstede-aerdenhout,2019,7830,76%,7269,561,38%,10%,52%,11%,30%,69%,37%,6%,14%,6%,1%,8%,18%,0%,0%
heemstede-aerdenhout,2020,3448,0%,3226,222,31%,12%,57%,11%,30%,69%,37%,6%,14%,6%,1%,8%,18%,0%,0%
heemstede-aerdenhout,2021,3581,0%,3343,238,26%,14%,60%,11%,30%,69%,37%,6%,14%,6%,1%,8%,18%,0%,0%
heemstede-aerdenhout,2022,5140,0%,4754,386,30%,11%,59%,11%,30%,69%,37%,6%,14%,6%,1%,8%,18%,0%,0%
heerhugowaard,2019,8119,65%,7645,474,27%,14%,59%,14%,50%,51%,21%,3%,5%,19%,4%,12%,19%,1%,1%
heerhugowaard,2020,4010,0%,3748,262,25%,17%,58%,14%,50%,51%,21%,3%,5%,19%,4%,12%,19%,1%,1%
heerhugowaard,2021,4287,0%,4006,280,23%,16%,61%,14%,50%,51%,21%,3%,5%,19%,4%,12%,19%,1%,1%
heerhugowaard,2022,5588,0%,5199,389,25%,15%,60%,14%,50%,51%,21%,3%,5%,19%,4%,12%,19%,1%,1%
heiloo,2019,4999,75%,4999,0,36%,8%,56%,26%,37%,52%,32%,0%,6%,14%,4%,8%,21%,0%,0%
heiloo,2020,2332,0%,2332,0,32%,10%,58%,26%,37%,52%,32%,0%,6%,14%,4%,8%,21%,0%,0%
heiloo,2021,2433,0%,2433,0,29%,10%,61%,26%,37%,52%,32%,0%,6%,14%,4%,8%,21%,0%,0%
heiloo,2022,3532,0%,3532,0,31%,9%,60%,26%,37%,52%,32%,0%,6%,14%,4%,8%,21%,0%,0%
hilversum,2019,31692,74%,27490,4202,26%,18%,56%,32%,53%,50%,22%,11%,16%,1%,0%,6%,8%,0%,1%
hilversum,2020,14339,0%,12639,1700,21%,17%,62%,32%,53%,50%,22%,11%,16%,1%,0%,6%,8%,0%,1%
hilversum,2021,14694,0%,12992,1702,19%,17%,64%,32%,53%,50%,22%,11%,16%,1%,0%,6%,8%,0%,1%
hilversum,2022,21933,0%,19261,2672,21%,16%,63%,32%,53%,50%,22%,11%,16%,1%,0%,6%,8%,0%,1%
hilversum-media-park,2019,4684,70%,4684,0,10%,38%,52%,46%,90%,34%,5%,5%,2%,11%,0%,4%,3%,0%,0%
hilversum-media-park,2020,2021,0%,2021,0,9%,30%,61%,46%,90%,34%,5%,5%,2%,11%,0%,4%,3%,0%,0%
hilversum-media-park,2021,2064,0%,2064,0,8%,27%,65%,46%,90%,34%,5%,5%,2%,11%,0%,4%,3%,0%,0%
hilversum-media-park,2022,3253,0%,3253,0,8%,30%,62%,46%,90%,34%,5%,5%,2%,11%,0%,4%,3%,0%,0%
hilversum-sportpark,2019,8195,70%,8132,63,14%,25%,61%,33%,76%,34%,7%,20%,10%,10%,2%,3%,5%,0%,0%
hilversum-sportpark,2020,3149,0%,3109,40,14%,22%,64%,33%,76%,34%,7%,20%,10%,10%,2%,3%,5%,0%,0%
hilversum-sportpark,2021,3484,0%,3431,53,11%,21%,68%,33%,76%,34%,7%,20%,10%,10%,2%,3%,5%,0%,0%
hilversum-sportpark,2022,5281,0%,5211,70,12%,24%,64%,33%,76%,34%,7%,20%,10%,10%,2%,3%,5%,0%,0%
hollandsche-rading,2019,1049,81%,1049,0,31%,11%,58%,32%,66%,24%,5%,0%,2%,35%,3%,9%,24%,0%,0%
hollandsche-rading,2020,488,0%,488,0,24%,15%,61%,32%,66%,24%,5%,0%,2%,35%,3%,9%,24%,0%,0%
hollandsche-rading,2021,529,0%,529,0,21%,15%,64%,32%,66%,24%,5%,0%,2%,35%,3%,9%,24%,0%,0%
hollandsche-rading,2022,745,0%,745,0,24%,13%,63%,32%,66%,24%,5%,0%,2%,35%,3%,9%,24%,0%,0%
hoofddorp,2019,19716,62%,19659,57,20%,27%,53%,9%,50%,36%,9%,48%,31%,2%,1%,5%,9%,0%,0%
hoofddorp,2020,7974,0%,7950,24,18%,24%,58%,9%,50%,36%,9%,48%,31%,2%,1%,5%,9%,0%,0%
hoofddorp,2021,7757,0%,7737,20,19%,21%,60%,9%,50%,36%,9%,48%,31%,2%,1%,5%,9%,0%,0%
hoofddorp,2022,12473,0%,12435,38,19%,22%,59%,9%,50%,36%,9%,48%,31%,2%,1%,5%,9%,0%,0%
hoogkarspel,2019,2236,76%,2236,0,37%,6%,57%,23%,37%,49%,20%,3%,4%,15%,6%,10%,33%,0%,0%
hoogkarspel,2020,1024,0%,1024,0,35%,6%,59%,23%,37%,49%,20%,3%,4%,15%,6%,10%,33%,0%,0%
hoogkarspel,2021,1071,0%,1071,0,35%,7%,58%,23%,37%,49%,20%,3%,4%,15%,6%,10%,33%,0%,0%
hoogkarspel,2022,1446,0%,1446,0,35%,7%,58%,23%,37%,49%,20%,3%,4%,15%,6%,10%,33%,0%,0%
hoorn,2019,15843,74%,14616,1227,25%,14%,61%,26%,57%,39%,15%,19%,16%,9%,3%,7%,9%,0%,0%
hoorn,2020,7954,0%,7374,580,22%,16%,62%,26%,57%,39%,15%,19%,16%,9%,3%,7%,9%,0%,0%
hoorn,2021,8248,0%,7659,589,22%,16%,62%,26%,57%,39%,15%,19%,16%,9%,3%,7%,9%,0%,0%
hoorn,2022,10920,0%,10033,887,23%,15%,62%,26%,57%,39%,15%,19%,16%,9%,3%,7%,9%,0%,0%
hoorn-kersenboogerd,2019,5221,49%,5161,60,36%,6%,58%,34%,53%,44%,22%,2%,5%,14%,5%,6%,15%,0%,0%
hoorn-kersenboogerd,2020,2587,0%,2552,35,32%,8%,60%,34%,53%,44%,22%,2%,5%,14%,5%,6%,15%,0%,0%
hoorn-kersenboogerd,2021,2488,0%,2450,38,30%,8%,62%,34%,53%,44%,22%,2%,5%,14%,5%,6%,15%,0%,0%
hoorn-kersenboogerd,2022,3435,0%,3386,49,32%,7%,61%,34%,53%,44%,22%,2%,5%,14%,5%,6%,15%,0%,0%
koog-aan-de-zaan,2019,3246,59%,3246,0,35%,8%,57%,46%,83%,40%,10%,0%,0%,12%,1%,2%,6%,0%,0%
koog-aan-de-zaan,2020,1563,0%,1563,0,31%,8%,61%,46%,83%,40%,10%,0%,0%,12%,1%,2%,6%,0%,0%
koog-aan-de-zaan,2021,1563,0%,1563,0,29%,9%,62%,46%,83%,40%,10%,0%,0%,12%,1%,2%,6%,0%,0%
koog-aan-de-zaan,2022,2234,0%,2234,0,31%,8%,61%,46%,83%,40%,10%,0%,0%,12%,1%,2%,6%,0%,0%
krommenie-assendelft,2019,5709,63%,5709,0,38%,7%,55%,33%,52%,47%,25%,3%,3%,12%,4%,5%,16%,0%,0%
krommenie-assendelft,2020,2772,0%,2772,0,31%,8%,61%,33%,52%,47%,25%,3%,3%,12%,4%,5%,16%,0%,0%
krommenie-assendelft,2021,2899,0%,2899,0,29%,9%,62%,33%,52%,47%,25%,3%,3%,12%,4%,5%,16%,0%,0%
krommenie-assendelft,2022,4024,0%,4024,0,31%,8%,61%,33%,52%,47%,25%,3%,3%,12%,4%,5%,16%,0%,0%
naarden-bussum,2019,9756,80%,9406,350,29%,14%,57%,29%,41%,47%,24%,12%,14%,5%,0%,7%,19%,0%,2%
naarden-bussum,2020,4634,0%,4480,154,22%,15%,63%,29%,41%,47%,24%,12%,14%,5%,0%,7%,19%,0%,2%
naarden-bussum,2021,5063,0%,4888,175,19%,16%,65%,29%,41%,47%,24%,12%,14%,5%,0%,7%,19%,0%,2%
naarden-bussum,2022,7187,0%,6936,251,22%,14%,64%,29%,41%,47%,24%,12%,14%,5%,0%,7%,19%,0%,2%
nieuw-vennep,2019,3769,64%,3769,0,37%,13%,50%,8%,22%,36%,25%,7%,16%,35%,6%,14%,31%,0%,0%
nieuw-vennep,2020,1680,0%,1680,0,29%,17%,54%,8%,22%,36%,25%,7%,16%,35%,6%,14%,31%,0%,0%
nieuw-vennep,2021,1795,0%,1795,0,25%,17%,58%,8%,22%,36%,25%,7%,16%,35%,6%,14%,31%,0%,0%
nieuw-vennep,2022,2544,0%,2544,0,29%,15%,56%,8%,22%,36%,25%,7%,16%,35%,6%,14%,31%,0%,0%
obdam,2019,1399,74%,1399,0,41%,6%,53%,24%,43%,41%,13%,7%,8%,17%,4%,11%,32%,0%,0%
obdam,2020,667,0%,667,0,35%,9%,56%,24%,43%,41%,13%,7%,8%,17%,4%,11%,32%,0%,0%
obdam,2021,754,0%,754,0,34%,10%,56%,24%,43%,41%,13%,7%,8%,17%,4%,11%,32%,0%,0%
obdam,2022,988,0%,988,0,36%,8%,56%,24%,43%,41%,13%,7%,8%,17%,4%,11%,32%,0%,0%
overveen,2019,2467,81%,2467,0,12%,22%,66%,59%,92%,33%,5%,0%,1%,7%,1%,1%,1%,0%,0%
overveen,2020,996,0%,996,0,11%,23%,66%,59%,92%,33%,5%,0%,1%,7%,1%,1%,1%,0%,0%
overveen,2021,1262,0%,1262,0,7%,25%,68%,59%,92%,33%,5%,0%,1%,7%,1%,1%,1%,0%,0%
overveen,2022,1604,0%,1604,0,8%,24%,68%,59%,92%,33%,5%,0%,1%,7%,1%,1%,1%,0%,0%
purmerend,2019,2378,58%,2378,0,26%,17%,57%,32%,71%,41%,14%,11%,6%,12%,3%,4%,6%,0%,0%
purmerend,2020,1213,0%,1213,0,23%,17%,60%,32%,71%,41%,14%,11%,6%,12%,3%,4%,6%,0%,0%
purmerend,2021,1278,0%,1278,0,22%,16%,62%,32%,71%,41%,14%,11%,6%,12%,3%,4%,6%,0%,0%
purmerend,2022,1671,0%,1671,0,21%,15%,64%,32%,71%,41%,14%,11%,6%,12%,3%,4%,6%,0%,0%
purmerend-overwhere,2019,2045,51%,2045,0,28%,12%,60%,38%,53%,43%,30%,5%,10%,10%,1%,4%,6%,0%,0%
purmerend-overwhere,2020,1179,0%,1179,0,24%,15%,61%,38%,53%,43%,30%,5%,10%,10%,1%,4%,6%,0%,0%
purmerend-overwhere,2021,1303,0%,1303,0,22%,15%,63%,38%,53%,43%,30%,5%,10%,10%,1%,4%,6%,0%,0%
purmerend-overwhere,2022,1597,0%,1597,0,23%,13%,64%,38%,53%,43%,30%,5%,10%,10%,1%,4%,6%,0%,0%
purmerend-weidevenne,2019,1604,67%,1604,0,38%,6%,56%,50%,47%,31%,21%,1%,1%,13%,8%,5%,23%,0%,0%
purmerend-weidevenne,2020,822,0%,822,0,34%,7%,59%,50%,47%,31%,21%,1%,1%,13%,8%,5%,23%,0%,0%
purmerend-weidevenne,2021,869,0%,869,0,30%,8%,62%,50%,47%,31%,21%,1%,1%,13%,8%,5%,23%,0%,0%
purmerend-weidevenne,2022,1162,0%,1162,0,31%,7%,62%,50%,47%,31%,21%,1%,1%,13%,8%,5%,23%,0%,0%
santpoort-noord,2019,856,65%,856,0,29%,11%,60%,48%,79%,33%,12%,1%,1%,13%,2%,5%,5%,0%,1%
santpoort-noord,2020,404,0%,404,0,25%,13%,62%,48%,79%,33%,12%,1%,1%,13%,2%,5%,5%,0%,1%
santpoort-noord,2021,434,0%,434,0,21%,14%,65%,48%,79%,33%,12%,1%,1%,13%,2%,5%,5%,0%,1%
santpoort-noord,2022,575,0%,575,0,25%,13%,62%,48%,79%,33%,12%,1%,1%,13%,2%,5%,5%,0%,1%
santpoort-zuid,2019,992,91%,992,0,30%,9%,61%,47%,70%,42%,16%,0%,2%,8%,0%,3%,12%,0%,0%
santpoort-zuid,2020,488,0%,488,0,25%,11%,64%,47%,70%,42%,16%,0%,2%,8%,0%,3%,12%,0%,0%
santpoort-zuid,2021,512,0%,512,0,20%,13%,67%,47%,70%,42%,16%,0%,2%,8%,0%,3%,12%,0%,0%
santpoort-zuid,2022,703,0%,703,0,25%,11%,64%,47%,70%,42%,16%,0%,2%,8%,0%,3%,12%,0%,0%
schagen,2019,5488,73%,5488,0,26%,12%,62%,29%,63%,42%,18%,5%,2%,17%,1%,7%,16%,0%,0%
schagen,2020,2775,0%,2775,0,22%,14%,64%,29%,63%,42%,18%,5%,2%,17%,1%,7%,16%,0%,0%
schagen,2021,2932,0%,2932,0,22%,14%,64%,29%,63%,42%,18%,5%,2%,17%,1%,7%,16%,0%,0%
schagen,2022,3769,0%,3769,0,23%,13%,64%,29%,63%,42%,18%,5%,2%,17%,1%,7%,16%,0%,0%
schiphol-airport,2019,116714,86%,98071,18643,8%,18%,74%,44%,64%,5%,2%,43%,27%,2%,2%,5%,4%,1%,1%
schiphol-airport,2020,37330,0%,29753,7577,7%,18%,75%,44%,64%,5%,2%,43%,27%,2%,2%,5%,4%,1%,1%
schiphol-airport,2021,36649,0%,29001,7648,7%,17%,76%,44%,64%,5%,2%,43%,27%,2%,2%,5%,4%,1%,1%
schiphol-airport,2022,73830,0%,60757,13073,6%,17%,77%,44%,64%,5%,2%,43%,27%,2%,2%,5%,4%,1%,1%
uitgeest,2019,5976,50%,5128,848,36%,8%,56%,22%,26%,43%,28%,9%,18%,16%,5%,10%,23%,0%,0%
uitgeest,2020,2788,0%,2412,376,33%,9%,58%,22%,26%,43%,28%,9%,18%,16%,5%,10%,23%,0%,0%
uitgeest,2021,2915,0%,2497,418,29%,10%,61%,22%,26%,43%,28%,9%,18%,16%,5%,10%,23%,0%,0%
uitgeest,2022,3802,0%,3221,581,32%,9%,59%,22%,26%,43%,28%,9%,18%,16%,5%,10%,23%,0%,0%
weesp,2019,15979,67%,10746,5233,28%,16%,56%,36%,55%,34%,20%,4%,8%,16%,3%,10%,13%,0%,1%
weesp,2020,8134,0%,5566,2568,24%,17%,59%,36%,55%,34%,20%,4%,8%,16%,3%,10%,13%,0%,1%
weesp,2021,8199,0%,5553,2646,21%,17%,62%,36%,55%,34%,20%,4%,8%,16%,3%,10%,13%,0%,1%
weesp,2022,11460,0%,7705,3755,22%,15%,63%,36%,55%,34%,20%,4%,8%,16%,3%,10%,13%,0%,1%
wormerveer,2019,4448,62%,4448,0,33%,10%,57%,32%,51%,52%,24%,2%,6%,10%,2%,4%,16%,0%,1%
wormerveer,2020,2233,0%,2233,0,29%,11%,60%,32%,51%,52%,24%,2%,6%,10%,2%,4%,16%,0%,1%
wormerveer,2021,2252,0%,2252,0,27%,11%,62%,32%,51%,52%,24%,2%,6%,10%,2%,4%,16%,0%,1%
wormerveer,2022,3118,0%,3118,0,30%,10%,60%,32%,51%,52%,24%,2%,6%,10%,2%,4%,16%,0%,1%
zaandam,2019,26259,59%,23687,2572,21%,21%,58%,40%,73%,40%,11%,14%,11%,2%,0%,4%,5%,0%,0%
zaandam,2020,12470,0%,11396,1074,19%,20%,61%,40%,73%,40%,11%,14%,11%,2%,0%,4%,5%,0%,0%
zaandam,2021,12409,0%,11286,1123,18%,18%,64%,40%,73%,40%,11%,14%,11%,2%,0%,4%,5%,0%,0%
zaandam,2022,18395,0%,16669,1726,18%,18%,64%,40%,73%,40%,11%,14%,11%,2%,0%,4%,5%,0%,0%
zaandam-kogerveld,2019,1463,43%,1463,0,26%,14%,60%,31%,45%,38%,20%,13%,20%,13%,2%,5%,13%,0%,0%
zaandam-kogerveld,2020,895,0%,895,0,22%,16%,62%,31%,45%,38%,20%,13%,20%,13%,2%,5%,13%,0%,0%
zaandam-kogerveld,2021,955,0%,955,0,21%,16%,63%,31%,45%,38%,20%,13%,20%,13%,2%,5%,13%,0%,0%
zaandam-kogerveld,2022,1145,0%,1145,0,22%,16%,62%,31%,45%,38%,20%,13%,20%,13%,2%,5%,13%,0%,0%
zaandijk-zaanse-schans,2019,4535,58%,4535,0,22%,14%,64%,56%,77%,32%,7%,1%,0%,9%,1%,2%,15%,0%,0%
zaandijk-zaanse-schans,2020,1671,0%,1671,0,25%,13%,62%,56%,77%,32%,7%,1%,0%,9%,1%,2%,15%,0%,0%
zaandijk-zaanse-schans,2021,1666,0%,1666,0,22%,14%,64%,56%,77%,32%,7%,1%,0%,9%,1%,2%,15%,0%,0%
zaandijk-zaanse-schans,2022,2913,0%,2913,0,19%,15%,66%,56%,77%,32%,7%,1%,0%,9%,1%,2%,15%,0%,0%
zandvoort-aan-zee,2019,5858,79%,5858,0,16%,14%,70%,73%,83%,19%,8%,4%,4%,1%,1%,3%,4%,0%,0%
zandvoort-aan-zee,2020,2772,0%,2772,0,14%,15%,71%,73%,83%,19%,8%,4%,4%,1%,1%,3%,4%,0%,0%
zandvoort-aan-zee,2021,3447,0%,3447,0,12%,16%,72%,73%,83%,19%,8%,4%,4%,1%,1%,3%,4%,0%,0%
zandvoort-aan-zee,2022,5027,0%,5027,0,12%,15%,73%,73%,83%,19%,8%,4%,4%,1%,1%,3%,4%,0%,0%
